,time,lat,lon,alt
0,1688375213.282612,19.0177854,130.54182,14999.0
1,1688375213.532609,19.0177854,130.54182,14999.0
2,1688375213.7731228,19.0177854,130.54182,14999.0
3,1688375213.9702802,19.01784161,130.54195811,45759.0
4,1688375214.2208374,19.01784161,130.54195811,45759.0
5,1688375214.5247464,19.01784161,130.54195811,45759.0
6,1688375214.7201807,19.01784174,130.54195829,24157.0
7,1688375214.9149687,19.01784174,130.54195829,24157.0
8,1688375215.1604848,19.01784174,130.54195829,24157.0
9,1688375215.4061732,19.01784174,130.54195829,24157.0
10,1688375215.684798,19.01784249,130.54195808,44907.0
11,1688375215.9357665,19.01784249,130.54195808,44907.0
12,1688375216.1869445,19.01784249,130.54195808,44907.0
13,1688375216.4397452,19.01784249,130.54195808,44907.0
14,1688375216.635975,19.01784212,130.54195822,45620.0
15,1688375216.949504,19.01784212,130.54195822,45620.0
16,1688375217.1999588,19.01784212,130.54195822,45620.0
17,1688375217.445957,19.01784212,130.54195822,45620.0
18,1688375217.6413128,19.01784269,130.54195833,45241.0
19,1688375217.8932724,19.01784269,130.54195833,45241.0
20,1688375218.2070227,19.01784269,130.54195833,45241.0
21,1688375218.458372,19.01784269,130.54195833,45241.0
22,1688375218.7094877,19.01784238,130.54195818,45244.0
23,1688375218.959977,19.01784238,130.54195818,45244.0
24,1688375219.2111886,19.01784238,130.54195818,45244.0
25,1688375219.5923371,19.01784177,130.54195823,45877.0
26,1688375219.7877955,19.01784177,130.54195823,45877.0
27,1688375219.983018,19.01784177,130.54195823,45877.0
28,1688375220.1798425,19.01784177,130.54195823,45877.0
29,1688375220.3745816,19.01784177,130.54195823,45877.0
30,1688375220.6169512,19.01784177,130.54195823,45877.0
31,1688375220.811967,19.01784177,130.54195823,45877.0
32,1688375221.0072184,19.01784177,130.54195823,45877.0
33,1688375221.2047553,19.01784177,130.54195823,45877.0
34,1688375221.4000704,19.01784177,130.54195823,45877.0
35,1688375221.6986837,19.01784177,130.54195823,45877.0
36,1688375221.9398236,19.01784177,130.54195823,45877.0
37,1688375222.1520488,19.01784278,130.54195798,44601.0
38,1688375222.348212,19.01784278,130.54195798,44601.0
39,1688375222.5906405,19.01784278,130.54195798,44601.0
40,1688375222.898321,19.01784278,130.54195798,44601.0
41,1688375223.094395,19.01784214,130.54195809,45174.0
42,1688375223.2942986,19.01784214,130.54195809,45174.0
43,1688375223.4894185,19.01784214,130.54195809,45174.0
44,1688375223.6854086,19.01784214,130.54195809,45174.0
45,1688375223.927385,19.01784214,130.54195809,45174.0
46,1688375224.1220322,19.01784214,130.54195809,45174.0
47,1688375224.3178387,19.01784214,130.54195809,45174.0
48,1688375224.5128565,19.01784214,130.54195809,45174.0
49,1688375224.7078528,19.01784214,130.54195809,45174.0
50,1688375225.0889244,19.01784214,130.54195809,45174.0
51,1688375225.2849598,19.01784214,130.54195809,45174.0
52,1688375225.4800272,19.01784214,130.54195809,45174.0
53,1688375225.6757798,19.01784214,130.54195809,45174.0
54,1688375225.8712108,19.01784214,130.54195809,45174.0
55,1688375226.1134892,19.01784214,130.54195809,45174.0
56,1688375226.3084066,19.01784214,130.54195809,45174.0
57,1688375226.5047534,19.01784214,130.54195809,45174.0
58,1688375226.755417,19.01784214,130.54195809,45174.0
59,1688375227.0060918,19.01784214,130.54195809,45174.0
60,1688375227.277027,19.01784197,130.54195816,45662.0
61,1688375227.5421834,19.01784197,130.54195816,45662.0
62,1688375227.7927165,19.01784197,130.54195816,45662.0
63,1688375228.043475,19.01784197,130.54195816,45662.0
64,1688375228.23837,19.01784155,130.54195811,23979.0
65,1688375228.5517862,19.01784155,130.54195811,23979.0
66,1688375228.8023067,19.01784155,130.54195811,23979.0
67,1688375229.047997,19.01784155,130.54195811,23979.0
68,1688375229.243085,19.01784194,130.54195799,23621.0
69,1688375229.4943702,19.01784194,130.54195799,23621.0
70,1688375229.807716,19.01784194,130.54195799,23621.0
71,1688375230.0046427,19.01784271,130.54195816,44343.0
72,1688375230.200243,19.01784271,130.54195816,44343.0
73,1688375230.4460695,19.01784271,130.54195816,44343.0
74,1688375230.6921177,19.01784271,130.54195816,44343.0
75,1688375231.0906656,19.01784238,130.54195804,45905.0
76,1688375231.3419535,19.01784238,130.54195804,45905.0
77,1688375231.5938282,19.01784238,130.54195804,45905.0
78,1688375231.8458335,19.01784238,130.54195804,45905.0
79,1688375232.0412495,19.01784215,130.54195812,22894.0
80,1688375232.3547935,19.01784215,130.54195812,22894.0
81,1688375232.6034422,19.01784215,130.54195812,22894.0
82,1688375232.8393893,19.01784251,130.54195813,22594.0
83,1688375233.0910592,19.01784251,130.54195813,22594.0
84,1688375233.3484333,19.01784251,130.54195813,22594.0
85,1688375233.6627648,19.01784251,130.54195813,22594.0
86,1688375233.8599074,19.01784038,130.5419577,28750.0
87,1688375234.1121376,19.01784038,130.5419577,28750.0
88,1688375234.3580842,19.01784038,130.5419577,28750.0
89,1688375234.5750115,19.01784266,130.54195804,44116.0
90,1688375234.8484244,19.01784266,130.54195804,44116.0
91,1688375235.0994313,19.01784266,130.54195804,44116.0
92,1688375235.3460042,19.01784266,130.54195804,44116.0
93,1688375235.541382,19.01784249,130.54195808,44907.0
94,1688375235.7937508,19.01784249,130.54195808,44907.0
95,1688375236.1026058,19.01784249,130.54195808,44907.0
96,1688375236.318136,19.01784306,130.54195796,44175.0
97,1688375236.5265844,19.01784306,130.54195796,44175.0
98,1688375236.7699072,19.01784306,130.54195796,44175.0
99,1688375237.0120292,19.01784306,130.54195796,44175.0
100,1688375237.4322195,19.01784265,130.54195823,44739.0
101,1688375237.683048,19.01784265,130.54195823,44739.0
102,1688375237.9336126,19.01784265,130.54195823,44739.0
103,1688375238.1286418,19.0178426,130.54195811,44259.0
104,1688375238.376022,19.0178426,130.54195811,44259.0
105,1688375238.689394,19.0178426,130.54195811,44259.0
106,1688375238.9357593,19.0178426,130.54195811,44259.0
107,1688375239.1309884,19.01784256,130.54195796,22950.0
108,1688375239.32594,19.01784256,130.54195796,22950.0
109,1688375239.5206554,19.01784256,130.54195796,22950.0
110,1688375239.7629137,19.01784256,130.54195796,22950.0
111,1688375239.9577322,19.01784256,130.54195796,22950.0
112,1688375240.1530814,19.01784256,130.54195796,22950.0
113,1688375240.3480241,19.01784256,130.54195796,22950.0
114,1688375240.543908,19.01784256,130.54195796,22950.0
115,1688375240.7861934,19.01784256,130.54195796,22950.0
116,1688375240.9813619,19.01784256,130.54195796,22950.0
117,1688375241.2324207,19.01784256,130.54195796,22950.0
118,1688375241.4849617,19.01784256,130.54195796,22950.0
119,1688375241.6820772,19.01784243,130.54195802,22213.0
120,1688375241.996989,19.01784243,130.54195802,22213.0
121,1688375242.243034,19.01784243,130.54195802,22213.0
122,1688375242.4945555,19.01784243,130.54195802,22213.0
123,1688375242.6935706,19.01784274,130.54195808,22711.0
124,1688375242.9441645,19.01784274,130.54195808,22711.0
125,1688375243.4182606,19.01784274,130.54195808,22711.0
126,1688375243.6145132,19.01784278,130.54195809,44580.0
127,1688375243.865012,19.01784278,130.54195809,44580.0
128,1688375244.1079001,19.01784278,130.54195809,44580.0
129,1688375244.3273163,19.01784266,130.54195801,22781.0
130,1688375244.6128068,19.01784266,130.54195801,22781.0
131,1688375244.8685966,19.01784266,130.54195801,22781.0
132,1688375245.116419,19.01784266,130.54195801,22781.0
133,1688375245.312468,19.01784239,130.54195809,44984.0
134,1688375245.5080912,19.01784239,130.54195809,44984.0
135,1688375245.8162327,19.01784239,130.54195809,44984.0
136,1688375246.0620956,19.01784239,130.54195809,44984.0
137,1688375246.2571187,19.0178424,130.54195805,45165.0
138,1688375246.507985,19.0178424,130.54195805,45165.0
139,1688375246.7587976,19.0178424,130.54195805,45165.0
140,1688375247.062923,19.0178424,130.54195805,45165.0
141,1688375247.258089,19.01784195,130.54195806,45779.0
142,1688375247.453378,19.01784195,130.54195806,45779.0
143,1688375247.6485949,19.01784195,130.54195806,45779.0
144,1688375247.8440802,19.01784195,130.54195806,45779.0
145,1688375248.1476746,19.01784195,130.54195806,45779.0
146,1688375248.402727,19.01784195,130.54195806,45779.0
147,1688375248.6537504,19.01784195,130.54195806,45779.0
148,1688375248.8491225,19.0178406,130.54195757,50341.0
149,1688375249.0907614,19.0178406,130.54195757,50341.0
150,1688375249.5567126,19.0178427,130.54195813,22629.0
151,1688375249.824757,19.0178427,130.54195813,22629.0
152,1688375250.0767612,19.0178427,130.54195813,22629.0
153,1688375250.3293805,19.0178427,130.54195813,22629.0
154,1688375250.5310152,19.01784229,130.541958,22708.0
155,1688375250.844241,19.01784229,130.541958,22708.0
156,1688375251.0950854,19.01784229,130.541958,22708.0
157,1688375251.3100886,19.01784064,130.54195751,28088.0
158,1688375251.505406,19.01784064,130.54195751,28088.0
159,1688375251.700549,19.01784064,130.54195751,28088.0
160,1688375251.9427023,19.01784064,130.54195751,28088.0
161,1688375252.1378627,19.01784064,130.54195751,28088.0
162,1688375252.33295,19.01784064,130.54195751,28088.0
163,1688375252.5294375,19.01784064,130.54195751,28088.0
164,1688375252.728087,19.01784064,130.54195751,28088.0
165,1688375252.9779317,19.01784064,130.54195751,28088.0
166,1688375253.1878974,19.01784064,130.54195751,28088.0
167,1688375253.4206564,19.01784064,130.54195751,28088.0
168,1688375253.6571863,19.01784064,130.54195751,28088.0
169,1688375253.8936539,19.01784064,130.54195751,28088.0
170,1688375254.1491423,19.01784264,130.54195803,22881.0
171,1688375254.3760886,19.01784264,130.54195803,22881.0
172,1688375254.581578,19.01784264,130.54195803,22881.0
173,1688375254.8169658,19.01784264,130.54195803,22881.0
174,1688375255.012497,19.01784212,130.54195811,45640.0
175,1688375255.4237423,19.01784212,130.54195811,45640.0
176,1688375255.6743293,19.01784212,130.54195811,45640.0
177,1688375255.92029,19.01784212,130.54195811,45640.0
178,1688375256.1155818,19.01784271,130.54195805,44364.0
179,1688375256.366697,19.01784271,130.54195805,44364.0
180,1688375256.6798494,19.01784271,130.54195805,44364.0
181,1688375256.9309652,19.01784271,130.54195805,44364.0
182,1688375257.127224,19.01784268,130.54195804,22751.0
183,1688375257.3229198,19.01784268,130.54195804,22751.0
184,1688375257.5587368,19.01784268,130.54195804,22751.0
185,1688375257.867336,19.01784268,130.54195804,22751.0
186,1688375258.1191852,19.01784268,130.54195804,22751.0
187,1688375258.3174217,19.01784207,130.54195803,45608.0
188,1688375258.5683825,19.01784207,130.54195803,45608.0
189,1688375258.819272,19.01784207,130.54195803,45608.0
190,1688375259.0704322,19.01784149,130.54195798,46840.0
191,1688375259.2653277,19.01784149,130.54195798,46840.0
192,1688375259.4602177,19.01784149,130.54195798,46840.0
193,1688375259.655905,19.01784149,130.54195798,46840.0
194,1688375259.9065611,19.01784149,130.54195798,46840.0
195,1688375260.220104,19.01784149,130.54195798,46840.0
196,1688375260.4157217,19.0178433,130.54195814,43464.0
197,1688375260.666778,19.0178433,130.54195814,43464.0
198,1688375260.9174786,19.0178433,130.54195814,43464.0
199,1688375261.1690028,19.0178433,130.54195814,43464.0
200,1688375261.5807395,19.01784272,130.54195785,23134.0
201,1688375261.831653,19.01784272,130.54195785,23134.0
202,1688375262.0830812,19.01784272,130.54195785,23134.0
203,1688375262.2788808,19.01784225,130.54195813,44533.0
204,1688375262.499071,19.01784225,130.54195813,44533.0
205,1688375262.8350759,19.01784225,130.54195813,44533.0
206,1688375263.0864275,19.01784225,130.54195813,44533.0
207,1688375263.2823572,19.01784223,130.54195814,44635.0
208,1688375263.4926186,19.01784223,130.54195814,44635.0
209,1688375263.7433963,19.01784223,130.54195814,44635.0
210,1688375264.2320147,19.01784223,130.54195814,44635.0
211,1688375264.4347858,19.01784217,130.54195797,45346.0
212,1688375264.6745334,19.01784217,130.54195797,45346.0
213,1688375264.930072,19.01784217,130.54195797,45346.0
214,1688375265.1862805,19.01784217,130.54195797,45346.0
215,1688375265.4315796,19.01784214,130.54195798,45194.0
216,1688375265.6822538,19.01784214,130.54195798,45194.0
217,1688375265.9329224,19.01784214,130.54195798,45194.0
218,1688375266.1635463,19.01784336,130.54195803,21243.0
219,1688375266.409419,19.01784336,130.54195803,21243.0
220,1688375266.712834,19.01784336,130.54195803,21243.0
221,1688375266.9588373,19.01784336,130.54195803,21243.0
222,1688375267.154036,19.01784247,130.54195812,44724.0
223,1688375267.4051344,19.01784247,130.54195812,44724.0
224,1688375267.65611,19.01784247,130.54195812,44724.0
225,1688375268.088736,19.01784299,130.54195825,44275.0
226,1688375268.3475502,19.01784299,130.54195825,44275.0
227,1688375268.598426,19.01784299,130.54195825,44275.0
228,1688375268.8499346,19.01784299,130.54195825,44275.0
229,1688375269.0457413,19.01784172,130.54195811,45659.0
230,1688375269.290542,19.01784172,130.54195811,45659.0
231,1688375269.5415578,19.01784172,130.54195811,45659.0
232,1688375269.7949924,19.01784172,130.54195811,45659.0
233,1688375269.9908192,19.01784217,130.54195803,44885.0
234,1688375270.2314913,19.01784217,130.54195803,44885.0
235,1688375270.5065334,19.01784217,130.54195803,44885.0
236,1688375270.7538898,19.01784217,130.54195803,44885.0
237,1688375270.951605,19.01784181,130.54195818,45957.0
238,1688375271.2029338,19.01784181,130.54195818,45957.0
239,1688375271.4536407,19.01784181,130.54195818,45957.0
240,1688375271.7383955,19.01784194,130.54195787,44549.0
241,1688375271.969268,19.01784194,130.54195787,44549.0
242,1688375272.2252133,19.01784194,130.54195787,44549.0
243,1688375272.4828277,19.01784194,130.54195787,44549.0
244,1688375272.6796257,19.01784179,130.541958,23455.0
245,1688375272.9926744,19.01784179,130.541958,23455.0
246,1688375273.2344663,19.01784179,130.541958,23455.0
247,1688375273.485429,19.01784179,130.541958,23455.0
248,1688375273.6802537,19.01784205,130.54195792,44636.0
249,1688375273.931466,19.01784205,130.54195792,44636.0
250,1688375274.3946953,19.01784205,130.54195792,44636.0
251,1688375274.59027,19.01783965,130.54195764,29036.0
252,1688375274.8407974,19.01783965,130.54195764,29036.0
253,1688375275.0873036,19.01783965,130.54195764,29036.0
254,1688375275.3343823,19.01783965,130.54195764,29036.0
255,1688375275.607388,19.01784034,130.54195757,49942.0
256,1688375275.8581355,19.01784034,130.54195757,49942.0
257,1688375276.1141243,19.01784034,130.54195757,49942.0
258,1688375276.3112426,19.01784232,130.54195806,22770.0
259,1688375276.5647306,19.01784232,130.54195806,22770.0
260,1688375276.8779938,19.01784232,130.54195806,22770.0
261,1688375277.1238873,19.01784232,130.54195806,22770.0
262,1688375277.3193188,19.01784188,130.54195802,45568.0
263,1688375277.5700274,19.01784188,130.54195802,45568.0
264,1688375277.8209288,19.01784188,130.54195802,45568.0
265,1688375278.1010056,19.01784244,130.54195795,22683.0
266,1688375278.3546257,19.01784244,130.54195795,22683.0
267,1688375278.6051948,19.01784244,130.54195795,22683.0
268,1688375278.8509407,19.01784244,130.54195795,22683.0
269,1688375279.0485766,19.01784182,130.54195799,23357.0
270,1688375279.3469064,19.01784182,130.54195799,23357.0
271,1688375279.597527,19.01784182,130.54195799,23357.0
272,1688375279.8388557,19.01784182,130.54195799,23357.0
273,1688375280.0339627,19.01784108,130.54195809,46590.0
274,1688375280.2795947,19.01784108,130.54195809,46590.0
275,1688375280.7325473,19.01784148,130.54195793,24061.0
276,1688375280.9834108,19.01784148,130.54195793,24061.0
277,1688375281.2338936,19.01784148,130.54195793,24061.0
278,1688375281.4847941,19.01784148,130.54195793,24061.0
279,1688375281.6801448,19.01784023,130.54195742,28493.0
280,1688375281.9941015,19.01784023,130.54195742,28493.0
281,1688375282.2414463,19.01784023,130.54195742,28493.0
282,1688375282.4873457,19.01784023,130.54195742,28493.0
283,1688375282.6847048,19.0178416,130.5419579,45893.0
284,1688375282.9429357,19.0178416,130.5419579,45893.0
285,1688375283.2482216,19.0178416,130.5419579,45893.0
286,1688375283.445385,19.01784195,130.54195798,23155.0
287,1688375283.640879,19.01784195,130.54195798,23155.0
288,1688375283.837245,19.01784195,130.54195798,23155.0
289,1688375284.0778358,19.01784195,130.54195798,23155.0
290,1688375284.3827214,19.01784195,130.54195798,23155.0
291,1688375284.5789871,19.01784239,130.54195791,45095.0
292,1688375284.82536,19.01784239,130.54195791,45095.0
293,1688375285.0665216,19.01784239,130.54195791,45095.0
294,1688375285.3077004,19.01784239,130.54195791,45095.0
295,1688375285.5503228,19.01784252,130.54195806,23059.0
296,1688375285.7942288,19.01784252,130.54195806,23059.0
297,1688375286.0378091,19.01784252,130.54195806,23059.0
298,1688375286.2817593,19.01784252,130.54195806,23059.0
299,1688375286.4828885,19.01784147,130.54195789,45630.0
300,1688375286.9676611,19.01784147,130.54195789,45630.0
301,1688375287.2126403,19.01784147,130.54195789,45630.0
302,1688375287.4079416,19.01784187,130.54195796,45409.0
303,1688375287.6489694,19.01784187,130.54195796,45409.0
304,1688375287.894371,19.01784187,130.54195796,45409.0
305,1688375288.1779563,19.01784198,130.54195778,45166.0
306,1688375288.4201283,19.01784198,130.54195778,45166.0
307,1688375288.6609573,19.01784198,130.54195778,45166.0
308,1688375288.9073384,19.01784198,130.54195778,45166.0
309,1688375289.102624,19.01784241,130.54195776,23294.0
310,1688375289.4277537,19.01784241,130.54195776,23294.0
311,1688375289.6789722,19.01784241,130.54195776,23294.0
312,1688375289.920116,19.01784241,130.54195776,23294.0
313,1688375290.1160064,19.01784191,130.54195808,45263.0
314,1688375290.35692,19.01784191,130.54195808,45263.0
315,1688375290.662302,19.01784191,130.54195808,45263.0
316,1688375290.8572779,19.01784275,130.54195801,45175.0
317,1688375291.0959198,19.01784275,130.54195801,45175.0
318,1688375291.3422647,19.01784275,130.54195801,45175.0
319,1688375291.5937774,19.01784275,130.54195801,45175.0
320,1688375291.86446,19.01784203,130.54195793,23109.0
321,1688375292.1103299,19.01784203,130.54195793,23109.0
322,1688375292.3610055,19.01784203,130.54195793,23109.0
323,1688375292.6120327,19.01784203,130.54195793,23109.0
324,1688375292.807261,19.01784044,130.54195744,27898.0
325,1688375293.2196946,19.01784044,130.54195744,27898.0
326,1688375293.4702866,19.01784044,130.54195744,27898.0
327,1688375293.7214313,19.01784044,130.54195744,27898.0
328,1688375293.9272733,19.01784152,130.54195819,45625.0
329,1688375294.1791565,19.01784152,130.54195819,45625.0
330,1688375294.492536,19.01784152,130.54195819,45625.0
331,1688375294.7280314,19.01784152,130.54195819,45625.0
332,1688375294.9267666,19.01784178,130.5419578,45591.0
333,1688375295.161953,19.01784178,130.5419578,45591.0
334,1688375295.4125738,19.01784178,130.5419578,45591.0
335,1688375295.6965575,19.01784189,130.5419582,45707.0
336,1688375295.94763,19.01784189,130.5419582,45707.0
337,1688375296.1982782,19.01784189,130.5419582,45707.0
338,1688375296.4496052,19.01784189,130.5419582,45707.0
339,1688375296.6476734,19.01784198,130.54195787,45789.0
340,1688375296.9637284,19.01784198,130.54195787,45789.0
341,1688375297.215589,19.01784198,130.54195787,45789.0
342,1688375297.437441,19.017842,130.54195788,45047.0
343,1688375297.6326346,19.017842,130.54195788,45047.0
344,1688375297.8833182,19.017842,130.54195788,45047.0
345,1688375298.1941907,19.017842,130.54195788,45047.0
346,1688375298.3927326,19.01784226,130.54195795,45019.0
347,1688375298.6441922,19.01784226,130.54195795,45019.0
348,1688375298.8847349,19.01784226,130.54195795,45019.0
349,1688375299.136619,19.01784226,130.54195795,45019.0
350,1688375299.5483873,19.01784214,130.54195794,44752.0
351,1688375299.7940667,19.01784214,130.54195794,44752.0
352,1688375300.0452816,19.01784214,130.54195794,44752.0
353,1688375300.2424128,19.01784214,130.54195809,45174.0
354,1688375300.478913,19.01784214,130.54195809,45174.0
355,1688375300.7926702,19.01784214,130.54195809,45174.0
356,1688375300.987526,19.01784136,130.5419581,45937.0
357,1688375301.23412,19.01784136,130.5419581,45937.0
358,1688375301.48456,19.01784136,130.5419581,45937.0
359,1688375301.7359033,19.01784136,130.5419581,45937.0
360,1688375301.9792027,19.01784195,130.54195784,45453.0
361,1688375302.1742983,19.01784195,130.54195784,45453.0
362,1688375302.4474506,19.01784195,130.54195784,45453.0
363,1688375302.698377,19.01784195,130.54195784,45453.0
364,1688375302.9494634,19.01784195,130.54195784,45453.0
365,1688375303.192872,19.01784162,130.54195789,45798.0
366,1688375303.4449785,19.01784162,130.54195789,45798.0
367,1688375303.6955347,19.01784162,130.54195789,45798.0
368,1688375303.947047,19.01784162,130.54195789,45798.0
369,1688375304.1559415,19.01784189,130.54195806,24000.0
370,1688375304.4068599,19.01784189,130.54195806,24000.0
371,1688375304.657907,19.01784189,130.54195806,24000.0
372,1688375304.9083006,19.01784189,130.54195806,24000.0
373,1688375305.154861,19.01784189,130.54195806,24000.0
374,1688375305.3511214,19.01784192,130.5419581,22983.0
375,1688375305.8316283,19.01784192,130.5419581,22983.0
376,1688375306.0290773,19.01784174,130.54195814,45747.0
377,1688375306.2750373,19.01784174,130.54195814,45747.0
378,1688375306.5259936,19.01784174,130.54195814,45747.0
379,1688375306.7772322,19.01784174,130.54195814,45747.0
380,1688375307.020808,19.01784116,130.541958,24366.0
381,1688375307.254805,19.01784116,130.541958,24366.0
382,1688375307.5002732,19.01784116,130.541958,24366.0
383,1688375307.729572,19.01784201,130.54195806,23189.0
384,1688375307.9248989,19.01784201,130.54195806,23189.0
385,1688375308.2237957,19.01784201,130.54195806,23189.0
386,1688375308.4752407,19.01784201,130.54195806,23189.0
387,1688375308.6716046,19.01784219,130.54195806,45227.0
388,1688375308.9234748,19.01784219,130.54195806,45227.0
389,1688375309.1691275,19.01784219,130.54195806,45227.0
390,1688375309.485401,19.01784219,130.54195806,45227.0
391,1688375309.6842465,19.01784234,130.541958,44097.0
392,1688375309.9299169,19.01784234,130.541958,44097.0
393,1688375310.1752396,19.01784234,130.541958,44097.0
394,1688375310.426374,19.01784234,130.541958,44097.0
395,1688375310.6697254,19.0178421,130.54195773,45637.0
396,1688375310.9207065,19.0178421,130.54195773,45637.0
397,1688375311.175208,19.0178421,130.54195773,45637.0
398,1688375311.3716462,19.01784125,130.54195788,23711.0
399,1688375311.6233532,19.01784125,130.54195788,23711.0
400,1688375312.1072648,19.01784125,130.54195788,23711.0
401,1688375312.3029535,19.01784192,130.54195806,22793.0
402,1688375312.4989517,19.01784192,130.54195806,22793.0
403,1688375312.6941533,19.01784192,130.54195806,22793.0
404,1688375312.8891985,19.01784192,130.54195806,22793.0
405,1688375313.1315594,19.01784192,130.54195806,22793.0
406,1688375313.3281784,19.01784192,130.54195806,22793.0
407,1688375313.5236425,19.01784192,130.54195806,22793.0
408,1688375313.7189927,19.01784192,130.54195806,22793.0
409,1688375313.9707875,19.01784192,130.54195806,22793.0
410,1688375314.2863984,19.01784192,130.54195806,22793.0
411,1688375314.52396,19.01784192,130.54195806,22793.0
412,1688375314.7236547,19.01784182,130.54195794,23168.0
413,1688375314.9292815,19.01784182,130.54195794,23168.0
414,1688375315.1368196,19.01784182,130.54195794,23168.0
415,1688375315.3928463,19.01784182,130.54195794,23168.0
416,1688375315.603621,19.01784182,130.54195794,23168.0
417,1688375315.8595223,19.01784182,130.54195794,23168.0
418,1688375316.1102633,19.01784182,130.54195794,23168.0
419,1688375316.3616068,19.01784182,130.54195794,23168.0
420,1688375316.6043112,19.01784179,130.541958,23455.0
421,1688375316.8550622,19.01784179,130.541958,23455.0
422,1688375317.1055841,19.01784179,130.541958,23455.0
423,1688375317.3059611,19.01784177,130.54195791,23323.0
424,1688375317.5420032,19.01784177,130.54195791,23323.0
425,1688375318.0199628,19.01784177,130.54195791,23323.0
426,1688375318.2152283,19.01784233,130.54195805,23023.0
427,1688375318.4613824,19.01784233,130.54195805,23023.0
428,1688375318.7118783,19.01784233,130.54195805,23023.0
429,1688375318.9630358,19.01784233,130.54195805,23023.0
430,1688375319.2052567,19.01784237,130.541958,45104.0
431,1688375319.4204435,19.01784237,130.541958,45104.0
432,1688375319.6710818,19.01784237,130.541958,45104.0
433,1688375319.922625,19.01784237,130.541958,45104.0
434,1688375320.1176007,19.01784166,130.54195796,45466.0
435,1688375320.3598404,19.01784166,130.54195796,45466.0
436,1688375320.5551343,19.01784166,130.54195796,45466.0
437,1688375320.7504456,19.01784166,130.54195796,45466.0
438,1688375320.945524,19.01784166,130.54195796,45466.0
439,1688375321.1424694,19.01784166,130.54195796,45466.0
440,1688375321.387688,19.01784166,130.54195796,45466.0
441,1688375321.5853124,19.01784166,130.54195796,45466.0
442,1688375321.7803123,19.01784166,130.54195796,45466.0
443,1688375321.97573,19.01784166,130.54195796,45466.0
444,1688375322.2267623,19.01784166,130.54195796,45466.0
445,1688375322.5408356,19.01784166,130.54195796,45466.0
446,1688375322.736194,19.01784165,130.5419579,23306.0
447,1688375322.9876037,19.01784165,130.5419579,23306.0
448,1688375323.2380605,19.01784165,130.5419579,23306.0
449,1688375323.4894361,19.01784165,130.5419579,23306.0
450,1688375323.9099555,19.01784171,130.54195794,45271.0
451,1688375324.1602836,19.01784171,130.54195794,45271.0
452,1688375324.4143813,19.01784171,130.54195794,45271.0
453,1688375324.6101518,19.01784195,130.54195802,45344.0
454,1688375324.855757,19.01784195,130.54195802,45344.0
455,1688375325.1649165,19.01784195,130.54195802,45344.0
456,1688375325.3629248,19.01784197,130.5419579,22895.0
457,1688375325.5591135,19.01784197,130.5419579,22895.0
458,1688375325.8011005,19.01784197,130.5419579,22895.0
459,1688375326.0476627,19.01784197,130.5419579,22895.0
460,1688375326.2946193,19.01784147,130.54195804,24042.0
461,1688375326.5413644,19.01784147,130.54195804,24042.0
462,1688375326.788461,19.01784147,130.54195804,24042.0
463,1688375327.0328953,19.01784147,130.54195804,24042.0
464,1688375327.2325265,19.0178415,130.54195803,23946.0
465,1688375327.5356445,19.0178415,130.54195803,23946.0
466,1688375327.7792566,19.0178415,130.54195803,23946.0
467,1688375328.0277789,19.0178415,130.54195803,23946.0
468,1688375328.2280452,19.01784157,130.54195798,45539.0
469,1688375328.478862,19.01784157,130.54195798,45539.0
470,1688375328.793845,19.01784157,130.54195798,45539.0
471,1688375328.9916162,19.01784179,130.541958,23455.0
472,1688375329.2286365,19.01784179,130.541958,23455.0
473,1688375329.4824655,19.01784179,130.541958,23455.0
474,1688375329.734561,19.01784179,130.541958,23455.0
475,1688375330.1480322,19.01784162,130.54195802,45135.0
476,1688375330.3991296,19.01784162,130.54195802,45135.0
477,1688375330.6522593,19.01784162,130.54195802,45135.0
478,1688375330.8478146,19.01784192,130.54195799,23003.0
479,1688375331.043466,19.01784192,130.54195799,23003.0
480,1688375331.2865918,19.01784192,130.54195799,23003.0
481,1688375331.537174,19.01784192,130.54195799,23003.0
482,1688375331.78741,19.01784192,130.54195799,23003.0
483,1688375332.0386877,19.01784192,130.54195799,23003.0
484,1688375332.2341383,19.01784194,130.54195802,44974.0
485,1688375332.5477023,19.01784194,130.54195802,44974.0
486,1688375332.7987926,19.01784194,130.54195802,44974.0
487,1688375332.9948897,19.01784242,130.54195804,22692.0
488,1688375333.19117,19.01784242,130.54195804,22692.0
489,1688375333.443166,19.01784242,130.54195804,22692.0
490,1688375333.7759886,19.01784242,130.54195804,22692.0
491,1688375334.0331502,19.01784242,130.54195804,22692.0
492,1688375334.2979593,19.01784242,130.54195804,22692.0
493,1688375334.5599222,19.01784242,130.54195804,22692.0
494,1688375334.770317,19.0178418,130.54195793,23907.0
495,1688375335.1012166,19.0178418,130.54195793,23907.0
496,1688375335.3707194,19.0178418,130.54195793,23907.0
497,1688375335.6391656,19.0178418,130.54195793,23907.0
498,1688375335.9074297,19.0178418,130.54195793,23907.0
499,1688375336.175141,19.0178418,130.54195793,23907.0
500,1688375336.6111765,19.01784269,130.54195778,44600.0
501,1688375336.8618464,19.01784269,130.54195778,44600.0
502,1688375337.112423,19.01784269,130.54195778,44600.0
503,1688375337.358557,19.01784269,130.54195778,44600.0
504,1688375337.5552604,19.01784233,130.54195799,45232.0
505,1688375337.864008,19.01784233,130.54195799,45232.0
506,1688375338.122419,19.01784233,130.54195799,45232.0
507,1688375338.3199365,19.01784138,130.5419582,23821.0
508,1688375338.5656238,19.01784138,130.5419582,23821.0
509,1688375338.8167658,19.01784138,130.5419582,23821.0
510,1688375339.1011293,19.017842,130.54195799,45028.0
511,1688375339.3579268,19.017842,130.54195799,45028.0
512,1688375339.6083603,19.017842,130.54195799,45028.0
513,1688375339.859415,19.017842,130.54195799,45028.0
514,1688375340.0542781,19.01784245,130.54195809,22754.0
515,1688375340.36292,19.01784245,130.54195809,22754.0
516,1688375340.6132195,19.01784245,130.54195809,22754.0
517,1688375340.8650198,19.01784245,130.54195809,22754.0
518,1688375341.0655835,19.01784198,130.54195825,45177.0
519,1688375341.3208141,19.01784198,130.54195825,45177.0
520,1688375341.6243155,19.01784198,130.54195825,45177.0
521,1688375341.8433833,19.01784242,130.54195799,44500.0
522,1688375342.0993798,19.01784242,130.54195799,44500.0
523,1688375342.3401442,19.01784242,130.54195799,44500.0
524,1688375342.5819492,19.01784242,130.54195799,44500.0
525,1688375342.9935672,19.01784162,130.54195795,23592.0
526,1688375343.2342536,19.01784162,130.54195795,23592.0
527,1688375343.4752986,19.01784162,130.54195795,23592.0
528,1688375343.6714833,19.01784194,130.54195791,44994.0
529,1688375343.924074,19.01784194,130.54195791,44994.0
530,1688375344.2377396,19.01784194,130.54195791,44994.0
531,1688375344.4893358,19.01784194,130.54195791,44994.0
532,1688375344.685303,19.01784136,130.54195799,23956.0
533,1688375344.9255579,19.01784136,130.54195799,23956.0
534,1688375345.166239,19.01784136,130.54195799,23956.0
535,1688375345.4501474,19.01784189,130.54195791,45588.0
536,1688375345.6963491,19.01784189,130.54195791,45588.0
537,1688375345.9418836,19.01784189,130.54195791,45588.0
538,1688375346.1838543,19.01784189,130.54195791,45588.0
539,1688375346.3795884,19.01784193,130.54195784,44832.0
540,1688375346.6937633,19.01784193,130.54195784,44832.0
541,1688375346.9443479,19.01784193,130.54195784,44832.0
542,1688375347.1957157,19.01784193,130.54195784,44832.0
543,1688375347.3922448,19.01784278,130.54195811,21911.0
544,1688375347.643487,19.01784278,130.54195811,21911.0
545,1688375347.9577756,19.01784278,130.54195811,21911.0
546,1688375348.156223,19.01784195,130.54195795,23434.0
547,1688375348.4053483,19.01784195,130.54195795,23434.0
548,1688375348.6565318,19.01784195,130.54195795,23434.0
549,1688375348.9074502,19.01784195,130.54195795,23434.0
550,1688375349.319418,19.01784159,130.54195797,23441.0
551,1688375349.571261,19.01784159,130.54195797,23441.0
552,1688375349.8228657,19.01784159,130.54195797,23441.0
553,1688375350.0184486,19.01784172,130.54195807,23222.0
554,1688375350.263864,19.01784172,130.54195807,23222.0
555,1688375350.577167,19.01784172,130.54195807,23222.0
556,1688375350.804571,19.01784176,130.54195803,24012.0
557,1688375351.0014277,19.01784176,130.54195803,24012.0
558,1688375351.2595658,19.01784176,130.54195803,24012.0
559,1688375351.5157375,19.01784176,130.54195803,24012.0
560,1688375351.7832086,19.01784173,130.54195789,23697.0
561,1688375352.0685208,19.01784173,130.54195789,23697.0
562,1688375352.316143,19.01784173,130.54195789,23697.0
563,1688375352.567318,19.01784173,130.54195789,23697.0
564,1688375352.7645957,19.01784187,130.54195793,45685.0
565,1688375353.0069642,19.01784187,130.54195793,45685.0
566,1688375353.253153,19.01784187,130.54195793,45685.0
567,1688375353.503531,19.01784187,130.54195793,45685.0
568,1688375353.7549152,19.01784187,130.54195793,45685.0
569,1688375353.9503672,19.01784139,130.54195798,23860.0
570,1688375354.1928866,19.01784139,130.54195798,23860.0
571,1688375354.388329,19.01784139,130.54195798,23860.0
572,1688375354.584487,19.01784139,130.54195798,23860.0
573,1688375354.779909,19.01784139,130.54195798,23860.0
574,1688375354.9752665,19.01784139,130.54195798,23860.0
575,1688375355.3563144,19.01784139,130.54195798,23860.0
576,1688375355.5514188,19.01784139,130.54195798,23860.0
577,1688375355.7461286,19.01784139,130.54195798,23860.0
578,1688375355.98694,19.01784139,130.54195798,23860.0
579,1688375356.241475,19.01784139,130.54195798,23860.0
580,1688375356.5461717,19.01784139,130.54195798,23860.0
581,1688375356.7413013,19.01784194,130.54195813,23324.0
582,1688375356.9820268,19.01784194,130.54195813,23324.0
583,1688375357.2324195,19.01784194,130.54195813,23324.0
584,1688375357.4840686,19.01784194,130.54195813,23324.0
585,1688375357.756806,19.01784198,130.541958,23495.0
586,1688375358.0073714,19.01784198,130.541958,23495.0
587,1688375358.2431874,19.01784198,130.541958,23495.0
588,1688375358.4436207,19.01784161,130.54195793,23866.0
589,1688375358.6389058,19.01784161,130.54195793,23866.0
590,1688375358.8819308,19.01784161,130.54195793,23866.0
591,1688375359.1326447,19.01784161,130.54195793,23866.0
592,1688375359.3867147,19.01784161,130.54195793,23866.0
593,1688375359.5845428,19.01784124,130.54195796,24324.0
594,1688375359.7806056,19.01784124,130.54195796,24324.0
595,1688375360.0945837,19.01784124,130.54195796,24324.0
596,1688375360.3460536,19.01784124,130.54195796,24324.0
597,1688375360.5417428,19.01784224,130.5419579,23328.0
598,1688375360.796924,19.01784224,130.5419579,23328.0
599,1688375361.0476894,19.01784224,130.5419579,23328.0
600,1688375361.5024107,19.01784195,130.54195798,23155.0
601,1688375361.753623,19.01784195,130.54195798,23155.0
602,1688375362.0050666,19.01784195,130.54195798,23155.0
603,1688375362.2563238,19.01784195,130.54195798,23155.0
604,1688375362.4517908,19.01784204,130.54195818,45042.0
605,1688375362.7656157,19.01784204,130.54195818,45042.0
606,1688375363.0172071,19.01784204,130.54195818,45042.0
607,1688375363.2257385,19.01784231,130.54195785,44910.0
608,1688375363.4224405,19.01784231,130.54195785,44910.0
609,1688375363.618538,19.01784231,130.54195785,44910.0
610,1688375363.9429054,19.01784231,130.54195785,44910.0
611,1688375364.194195,19.01784231,130.54195785,44910.0
612,1688375364.389878,19.01784135,130.54195793,45798.0
613,1688375364.646277,19.01784135,130.54195793,45798.0
614,1688375364.8944256,19.01784135,130.54195793,45798.0
615,1688375365.2021015,19.01784135,130.54195793,45798.0
616,1688375365.4018319,19.01784242,130.54195779,23015.0
617,1688375365.6452553,19.01784242,130.54195779,23015.0
618,1688375365.8961072,19.01784242,130.54195779,23015.0
619,1688375366.1393383,19.01784242,130.54195779,23015.0
620,1688375366.3991923,19.0178424,130.54195809,45236.0
621,1688375366.6544313,19.0178424,130.54195809,45236.0
622,1688375366.9107287,19.0178424,130.54195809,45236.0
623,1688375367.1102183,19.01784273,130.54195783,22661.0
624,1688375367.3623495,19.01784273,130.54195783,22661.0
625,1688375367.8418703,19.01784273,130.54195783,22661.0
626,1688375368.0417104,19.01784131,130.54195792,23922.0
627,1688375368.2848265,19.01784131,130.54195792,23922.0
628,1688375368.525534,19.01784131,130.54195792,23922.0
629,1688375368.7664988,19.01784131,130.54195792,23922.0
630,1688375369.0086107,19.01784212,130.54195789,45313.0
631,1688375369.203666,19.01784212,130.54195789,45313.0
632,1688375369.454352,19.01784212,130.54195789,45313.0
633,1688375369.6846745,19.01784212,130.54195789,45313.0
634,1688375369.9232924,19.01784212,130.54195789,45313.0
635,1688375370.1912258,19.01784187,130.54195784,23060.0
636,1688375370.4317176,19.01784187,130.54195784,23060.0
637,1688375370.6894903,19.01784187,130.54195784,23060.0
638,1688375370.8845801,19.01784166,130.54195776,23964.0
639,1688375371.1358142,19.01784166,130.54195776,23964.0
640,1688375371.4525704,19.01784166,130.54195776,23964.0
641,1688375371.7070718,19.01784166,130.54195776,23964.0
642,1688375371.9028199,19.01784195,130.54195788,45640.0
643,1688375372.0995994,19.01784195,130.54195788,45640.0
644,1688375372.3354688,19.01784195,130.54195788,45640.0
645,1688375372.6350124,19.01784195,130.54195788,45640.0
646,1688375372.8314016,19.01784212,130.54195789,45313.0
647,1688375373.0824187,19.01784212,130.54195789,45313.0
648,1688375373.3428617,19.01784212,130.54195789,45313.0
649,1688375373.5941339,19.01784212,130.54195789,45313.0
650,1688375374.0368361,19.01784184,130.54195804,45049.0
651,1688375374.2877507,19.01784184,130.54195804,45049.0
652,1688375374.5173635,19.0178413,130.54195785,45764.0
653,1688375374.712886,19.0178413,130.54195785,45764.0
654,1688375374.9483213,19.0178413,130.54195785,45764.0
655,1688375375.2281098,19.01784166,130.54195776,23964.0
656,1688375375.4242182,19.01784166,130.54195776,23964.0
657,1688375375.6803885,19.01784166,130.54195776,23964.0
658,1688375375.9383988,19.01784166,130.54195776,23964.0
659,1688375376.1357121,19.017842,130.54195774,23345.0
660,1688375376.4538002,19.017842,130.54195774,23345.0
661,1688375376.6991117,19.017842,130.54195774,23345.0
662,1688375376.95088,19.017842,130.54195774,23345.0
663,1688375377.1465466,19.01784176,130.54195788,45600.0
664,1688375377.3969676,19.01784176,130.54195788,45600.0
665,1688375377.710458,19.01784176,130.54195788,45600.0
666,1688375377.9208457,19.01784171,130.54195798,23706.0
667,1688375378.1168776,19.01784171,130.54195798,23706.0
668,1688375378.3234904,19.01784171,130.54195798,23706.0
669,1688375378.5807073,19.01784171,130.54195798,23706.0
670,1688375378.8650067,19.01784209,130.54195797,44952.0
671,1688375379.0601974,19.01784209,130.54195797,44952.0
672,1688375379.2556808,19.01784209,130.54195797,44952.0
673,1688375379.4510746,19.01784209,130.54195797,44952.0
674,1688375379.6460228,19.01784209,130.54195797,44952.0
675,1688375380.0291672,19.01784209,130.54195797,44952.0
676,1688375380.2242563,19.01784209,130.54195797,44952.0
677,1688375380.4547098,19.01784209,130.54195797,44952.0
678,1688375380.7053318,19.01784209,130.54195797,44952.0
679,1688375380.9059126,19.01784188,130.54195802,45568.0
680,1688375381.1740255,19.01784188,130.54195802,45568.0
681,1688375381.4248164,19.01784188,130.54195802,45568.0
682,1688375381.6782207,19.01784188,130.54195802,45568.0
683,1688375381.874903,19.01784227,130.54195799,45458.0
684,1688375382.071542,19.01784227,130.54195799,45458.0
685,1688375382.314219,19.01784227,130.54195799,45458.0
686,1688375382.5100474,19.01784227,130.54195799,45458.0
687,1688375382.7063732,19.01784227,130.54195799,45458.0
688,1688375382.902774,19.01784227,130.54195799,45458.0
689,1688375383.0988817,19.01784227,130.54195799,45458.0
690,1688375383.34326,19.01784227,130.54195799,45458.0
691,1688375383.585968,19.01784227,130.54195799,45458.0
692,1688375383.8367736,19.01784227,130.54195799,45458.0
693,1688375384.087524,19.01784227,130.54195799,45458.0
694,1688375384.2825143,19.01784211,130.54195804,23481.0
695,1688375384.5964508,19.01784211,130.54195804,23481.0
696,1688375384.8467715,19.01784211,130.54195804,23481.0
697,1688375385.0981214,19.01784211,130.54195804,23481.0
698,1688375385.2931294,19.01784227,130.54195804,44525.0
699,1688375385.5439558,19.01784227,130.54195804,44525.0
700,1688375385.9929268,19.01784238,130.54195792,22843.0
701,1688375386.2439442,19.01784238,130.54195792,22843.0
702,1688375386.4944427,19.01784238,130.54195792,22843.0
703,1688375386.7456706,19.01784238,130.54195792,22843.0
704,1688375386.9410942,19.01784272,130.54195812,22528.0
705,1688375387.21365,19.01784272,130.54195812,22528.0
706,1688375387.465228,19.01784272,130.54195812,22528.0
707,1688375387.7160978,19.01784272,130.54195812,22528.0
708,1688375387.9116352,19.01784128,130.54195808,24183.0
709,1688375388.1628773,19.01784128,130.54195808,24183.0
710,1688375388.4786606,19.01784128,130.54195808,24183.0
711,1688375388.687496,19.01784175,130.54195805,45375.0
712,1688375388.8839316,19.01784175,130.54195805,45375.0
713,1688375389.13482,19.01784175,130.54195805,45375.0
714,1688375389.4026089,19.01784175,130.54195805,45375.0
715,1688375389.6738288,19.01784197,130.54195794,45335.0
716,1688375389.9104884,19.01784197,130.54195794,45335.0
717,1688375390.161256,19.01784197,130.54195794,45335.0
718,1688375390.4126742,19.01784197,130.54195794,45335.0
719,1688375390.6109118,19.01784181,130.541958,24064.0
